firstName,lastName,position,jerseyNumber,status,seasonId,id,gsisId,esbId,fullName,gsisPlayer.person,slug,gameTime
Adam,Vinatieri,K,04,ACTIVE_DID_NOT_PLAY,2019,32013030-2d30-3031-3639-3139bbb7103e,00-0016919,VIN196019,Indianapolis Colts,,browns-at-colts-2019-pre-2,2019-08-17T20:00:00.000Z
J'Marcus,Webb,T,61,PLAYER_SUBSTITUTE,2019,32013030-2d30-3032-3736-3039859c8a26,00-0027609,WEB210365,Indianapolis Colts,,browns-at-colts-2019-pre-2,2019-08-17T20:00:00.000Z
Anthony,Castonzo,T,74,STARTED,2019,32013030-2d30-3032-3739-363035ad1bdc,00-0027960,CAS792239,Indianapolis Colts,,browns-at-colts-2019-pre-2,2019-08-17T20:00:00.000Z
Jabaal,Sheard,DE,93,ACTIVE_DID_NOT_PLAY,2019,32013030-2d30-3032-3739-373560a75321,00-0027975,SHE039759,Indianapolis Colts,,browns-at-colts-2019-pre-2,2019-08-17T20:00:00.000Z
Justin,Houston,DE,99,STARTED,2019,32013030-2d30-3032-3830-30385a66c5e4,00-0028008,HOU476949,Indianapolis Colts,,browns-at-colts-2019-pre-2,2019-08-17T20:00:00.000Z
T.Y.,Hilton,WR,13,STARTED,2019,32013030-2d30-3032-3936-30385788c9a5,00-0029608,HIL775449,Indianapolis Colts,,browns-at-colts-2019-pre-2,2019-08-17T20:00:00.000Z
Andrew,Luck,QB,12,ACTIVE_DID_NOT_PLAY,2019,32013030-2d30-3032-3936-363868835ca0,00-0029668,LUC524055,Indianapolis Colts,,browns-at-colts-2019-pre-2,2019-08-17T20:00:00.000Z
Jack,Doyle,TE,84,STARTED,2019,32013030-2d30-3033-3031-3831dd11abdd,00-0030181,DOY403968,Indianapolis Colts,,browns-at-colts-2019-pre-2,2019-08-17T20:00:00.000Z
Margus,Hunt,DT,92,PLAYER_SUBSTITUTE,2019,32013030-2d30-3033-3034-3439956fa1bc,00-0030449,HUN320751,Indianapolis Colts,,browns-at-colts-2019-pre-2,2019-08-17T20:00:00.000Z
Josh,Andrews,C,63,PLAYER_SUBSTITUTE,2019,32013030-2d30-3033-3037-30362b4c555f,00-0030706,AND691210,Indianapolis Colts,,browns-at-colts-2019-pre-2,2019-08-17T20:00:00.000Z
Caraun,Reid,DT,75,PLAYER_SUBSTITUTE,2019,32013030-2d30-3033-3130-373145e937de,00-0031071,REI254895,Indianapolis Colts,,browns-at-colts-2019-pre-2,2019-08-17T20:00:00.000Z
Denico,Autry,DE/DT,96,STARTED,2019,32013030-2d30-3033-3132-353442e46153,00-0031254,AUT529722,Indianapolis Colts,,browns-at-colts-2019-pre-2,2019-08-17T20:00:00.000Z
Pierre,Desir,CB,35,STARTED,2019,32013030-2d30-3033-3133-33316ed0ffee,00-0031331,DES373418,Indianapolis Colts,,browns-at-colts-2019-pre-2,2019-08-17T20:00:00.000Z
Eric,Ebron,TE,85,STARTED,2019,32013030-2d30-3033-3133-38373c37c840,00-0031387,EBR474619,Indianapolis Colts,,browns-at-colts-2019-pre-2,2019-08-17T20:00:00.000Z
Jalen,Collins,CB,32,PLAYER_SUBSTITUTE,2019,32013030-2d30-3033-3135-3532c987d82a,00-0031552,COL604473,Indianapolis Colts,,browns-at-colts-2019-pre-2,2019-08-17T20:00:00.000Z
Clayton,Geathers,S,26,STARTED,2019,32013030-2d30-3033-3135-37319b223dd5,00-0031571,GEA405166,Indianapolis Colts,,browns-at-colts-2019-pre-2,2019-08-17T20:00:00.000Z
Mark,Glowinski,G,64,STARTED,2019,32013030-2d30-3033-3135-3831c34d7bb6,00-0031581,GLO738436,Indianapolis Colts,,browns-at-colts-2019-pre-2,2019-08-17T20:00:00.000Z
Obum,Gwacham,DE,71D,PLAYER_SUBSTITUTE,2019,32013030-2d30-3033-3136-31347a63fd35,00-0031614,GWA118654,Indianapolis Colts,,browns-at-colts-2019-pre-2,2019-08-17T20:00:00.000Z
Isaiah,Johnson,S,38D,PLAYER_SUBSTITUTE,2019,32013030-2d30-3033-3136-353717142b0e,00-0031657,JOH321472,Indianapolis Colts,,browns-at-colts-2019-pre-2,2019-08-17T20:00:00.000Z
Gabe,Holmes,TE,47O,PLAYER_SUBSTITUTE,2019,32013030-2d30-3033-3138-38347be75980,00-0031884,HOL550382,Indianapolis Colts,,browns-at-colts-2019-pre-2,2019-08-17T20:00:00.000Z
Devin,Funchess,WR,17,STARTED,2019,32013030-2d30-3033-3230-3535a2b56e84,00-0032055,FUN405541,Indianapolis Colts,,browns-at-colts-2019-pre-2,2019-08-17T20:00:00.000Z
Daniel,Munyer,C,66,PLAYER_SUBSTITUTE,2019,32013030-2d30-3033-3231-393283a185f1,00-0032192,MUN811705,Indianapolis Colts,,browns-at-colts-2019-pre-2,2019-08-17T20:00:00.000Z
Ross,Travis,TE,43,PLAYER_SUBSTITUTE,2019,32013030-2d30-3033-3233-31395029c12f,00-0032319,TRA542942,Indianapolis Colts,,browns-at-colts-2019-pre-2,2019-08-17T20:00:00.000Z
Chris,Milton,CB,28,PLAYER_SUBSTITUTE,2019,32013030-2d30-3033-3233-3533f12a19b6,00-0032353,MIL794547,Indianapolis Colts,,browns-at-colts-2019-pre-2,2019-08-17T20:00:00.000Z
Chester,Rogers,WR,80,PLAYER_SUBSTITUTE,2019,32013030-2d30-3033-3233-35355e7ab91e,00-0032355,ROG146742,Indianapolis Colts,,browns-at-colts-2019-pre-2,2019-08-17T20:00:00.000Z
Ryan,Kelly,C,78,STARTED,2019,32013030-2d30-3033-3233-383312460536,00-0032383,KEL738596,Indianapolis Colts,,browns-at-colts-2019-pre-2,2019-08-17T20:00:00.000Z
Joe,Haeg,T/G,73,PLAYER_SUBSTITUTE,2019,32013030-2d30-3033-3234-3139895897ed,00-0032419,HAE223809,Indianapolis Colts,,browns-at-colts-2019-pre-2,2019-08-17T20:00:00.000Z
Matthias,Farley,S,41,PLAYER_SUBSTITUTE,2019,32013030-2d30-3033-3234-393649531661,00-0032496,FAR160452,Indianapolis Colts,,browns-at-colts-2019-pre-2,2019-08-17T20:00:00.000Z
Roger,Lewis,WR,08O,PLAYER_SUBSTITUTE,2019,32013030-2d30-3033-3236-3539a190725e,00-0032659,LEW642806,Indianapolis Colts,,browns-at-colts-2019-pre-2,2019-08-17T20:00:00.000Z
Luke,Rhodes,LS,46,PLAYER_SUBSTITUTE,2019,32013030-2d30-3033-3237-3533bb0e04ce,00-0032753,RHO474400,Indianapolis Colts,,browns-at-colts-2019-pre-2,2019-08-17T20:00:00.000Z
Evan,Boehm,G/C,67,STARTED,2019,32013030-2d30-3033-3237-3737f47d5105,00-0032777,BOE217532,Indianapolis Colts,,browns-at-colts-2019-pre-2,2019-08-17T20:00:00.000Z
Dadi,Nicolas,DE,95,PLAYER_SUBSTITUTE,2019,32013030-2d30-3033-3237-39367d4b328f,00-0032796,NIC780920,Indianapolis Colts,,browns-at-colts-2019-pre-2,2019-08-17T20:00:00.000Z
Rolan,Milligan,S,42,PLAYER_SUBSTITUTE,2019,32013030-2d30-3033-3238-33304ea374a7,00-0032830,MIL628545,Indianapolis Colts,,browns-at-colts-2019-pre-2,2019-08-17T20:00:00.000Z
Jonathan,Williams,RB,33,PLAYER_SUBSTITUTE,2019,32013030-2d30-3033-3239-3735f79c2b16,00-0032975,WIL384555,Indianapolis Colts,,browns-at-colts-2019-pre-2,2019-08-17T20:00:00.000Z
Marcus,Johnson,WR,16,PLAYER_SUBSTITUTE,2019,32013030-2d30-3033-3239-3830c7ad17c3,00-0032980,JOH490446,Indianapolis Colts,,browns-at-colts-2019-pre-2,2019-08-17T20:00:00.000Z
Jihad,Ward,DT,51,PLAYER_SUBSTITUTE,2019,32013030-2d30-3033-3330-3436ffc05f1f,00-0033046,WAR208421,Indianapolis Colts,,browns-at-colts-2019-pre-2,2019-08-17T20:00:00.000Z
Le'Raven,Clark,T/G,62,PLAYER_SUBSTITUTE,2019,32013030-2d30-3033-3330-36357e0e80f3,00-0033065,CLA432150,Indianapolis Colts,,browns-at-colts-2019-pre-2,2019-08-17T20:00:00.000Z
Derrick,Kindred,S,36,PLAYER_SUBSTITUTE,2019,32013030-2d30-3033-3330-3736db35c1bf,00-0033076,KIN192537,Indianapolis Colts,,browns-at-colts-2019-pre-2,2019-08-17T20:00:00.000Z
Jacoby,Brissett,QB,07,STARTED,2019,32013030-2d30-3033-3331-3139ba7e51e2,00-0033119,BRI516391,Indianapolis Colts,,browns-at-colts-2019-pre-2,2019-08-17T20:00:00.000Z
Mo,Alie-Cox,TE,81,PLAYER_SUBSTITUTE,2019,32013030-2d30-3033-3332-31373e79a326,00-0033217,ALI177980,Indianapolis Colts,,browns-at-colts-2019-pre-2,2019-08-17T20:00:00.000Z
Jake,Eldrenkamp,G,60,PLAYER_SUBSTITUTE,2019,32013030-2d30-3033-3332-3435df17191c,00-0033245,ELD550110,Indianapolis Colts,,browns-at-colts-2019-pre-2,2019-08-17T20:00:00.000Z
Zach,Pascal,WR,14,PLAYER_SUBSTITUTE,2019,32013030-2d30-3033-3332-3531a1077ea2,00-0033251,PAS035497,Indianapolis Colts,,browns-at-colts-2019-pre-2,2019-08-17T20:00:00.000Z
Rigoberto,Sanchez,P,08P,PLAYER_SUBSTITUTE,2019,32013030-2d30-3033-3332-363932ac56e5,00-0033269,SAN093508,Indianapolis Colts,,browns-at-colts-2019-pre-2,2019-08-17T20:00:00.000Z
Phillip,Walker,QB,05,PLAYER_SUBSTITUTE,2019,32013030-2d30-3033-3332-37356a2bb495,00-0033275,WAL291489,Indianapolis Colts,,browns-at-colts-2019-pre-2,2019-08-17T20:00:00.000Z
Kenny,Moore,CB,23,STARTED,2019,32013030-2d30-3033-3333-393382d4ba0b,00-0033393,MOO465364,Indianapolis Colts,,browns-at-colts-2019-pre-2,2019-08-17T20:00:00.000Z
Ahmad,Thomas,LB,54,PLAYER_SUBSTITUTE,2019,32013030-2d30-3033-3334-343788b40538,00-0033447,THO017083,Indianapolis Colts,,browns-at-colts-2019-pre-2,2019-08-17T20:00:00.000Z
Quincy,Wilson,CB,31,PLAYER_SUBSTITUTE,2019,32013030-2d30-3033-3335-3434cbb7aa6c,00-0033544,WIL774506,Indianapolis Colts,,browns-at-colts-2019-pre-2,2019-08-17T20:00:00.000Z
Nate,Hairston,CB,27,PLAYER_SUBSTITUTE,2019,32013030-2d30-3033-3335-36384d08952e,00-0033568,HAI741950,Indianapolis Colts,,browns-at-colts-2019-pre-2,2019-08-17T20:00:00.000Z
Anthony,Walker,LB,50,STARTED,2019,32013030-2d30-3033-3335-3730e591db80,00-0033570,WAL077409,Indianapolis Colts,,browns-at-colts-2019-pre-2,2019-08-17T20:00:00.000Z
Chad,Kelly,QB,06,PLAYER_SUBSTITUTE,2019,32013030-2d30-3033-3335-3937437f7cf8,00-0033597,KEL516446,Indianapolis Colts,,browns-at-colts-2019-pre-2,2019-08-17T20:00:00.000Z
Krishawn,Hogan,WR,83,PLAYER_SUBSTITUTE,2019,32013030-2d30-3033-3336-30343c5f5b6e,00-0033604,HOG023409,Indianapolis Colts,,browns-at-colts-2019-pre-2,2019-08-17T20:00:00.000Z
Nate,Theaker,G,69,PLAYER_SUBSTITUTE,2019,32013030-2d30-3033-3336-3633d22940fe,00-0033663,THE052671,Indianapolis Colts,,browns-at-colts-2019-pre-2,2019-08-17T20:00:00.000Z
Carroll,Phillips,DE,59,PLAYER_SUBSTITUTE,2019,32013030-2d30-3033-3336-393319b1cc61,00-0033693,PHI126561,Indianapolis Colts,,browns-at-colts-2019-pre-2,2019-08-17T20:00:00.000Z
Malik,Hooker,S,29,STARTED,2019,32013030-2d30-3033-3338-3737241ce52e,00-0033877,HOO298753,Indianapolis Colts,,browns-at-colts-2019-pre-2,2019-08-17T20:00:00.000Z
Antonio,Garcia,T,79,PLAYER_SUBSTITUTE,2019,32013030-2d30-3033-3339-323293199e55,00-0033922,GAR054848,Indianapolis Colts,,browns-at-colts-2019-pre-2,2019-08-17T20:00:00.000Z
D'Onta,Foreman,RB,40O,PLAYER_SUBSTITUTE,2019,32013030-2d30-3033-3339-3235bdc5cf27,00-0033925,FOR392618,Indianapolis Colts,,browns-at-colts-2019-pre-2,2019-08-17T20:00:00.000Z
Marlon,Mack,RB,25,STARTED,2019,32013030-2d30-3033-3339-3531e583db9e,00-0033951,MAC338783,Indianapolis Colts,,browns-at-colts-2019-pre-2,2019-08-17T20:00:00.000Z
Grover,Stewart,DT,90,PLAYER_SUBSTITUTE,2019,32013030-2d30-3033-3339-3532b42e1aff,00-0033952,STE757436,Indianapolis Colts,,browns-at-colts-2019-pre-2,2019-08-17T20:00:00.000Z
Al-Quadin,Muhammad,DE,97,STARTED,2019,32013030-2d30-3033-3339-3634ebef6075,00-0033964,MUH405540,Indianapolis Colts,,browns-at-colts-2019-pre-2,2019-08-17T20:00:00.000Z
Skai,Moore,LB,55,PLAYER_SUBSTITUTE,2019,32013030-2d30-3033-3430-39309f358336,00-0034090,MOO677269,Indianapolis Colts,,browns-at-colts-2019-pre-2,2019-08-17T20:00:00.000Z
George,Odum,S,30,PLAYER_SUBSTITUTE,2019,32013030-2d30-3033-3430-3931c1974e30,00-0034091,ODU401791,Indianapolis Colts,,browns-at-colts-2019-pre-2,2019-08-17T20:00:00.000Z
Quenton,Nelson,G/C,56,ACTIVE_DID_NOT_PLAY,2019,32013030-2d30-3033-3433-34327f32df79,00-0034342,NEL600785,Indianapolis Colts,,browns-at-colts-2019-pre-2,2019-08-17T20:00:00.000Z
Kemoko,Turay,DE,57,PLAYER_SUBSTITUTE,2019,32013030-2d30-3033-3433-3534e4ed658b,00-0034354,TUR012037,Indianapolis Colts,,browns-at-colts-2019-pre-2,2019-08-17T20:00:00.000Z
Tyquan,Lewis,DE/DT,94,STARTED,2019,32013030-2d30-3033-3433-35399055bb28,00-0034359,LEW752680,Indianapolis Colts,,browns-at-colts-2019-pre-2,2019-08-17T20:00:00.000Z
Nyheim,Hines,RB,21,PLAYER_SUBSTITUTE,2019,32013030-2d30-3033-3433-3637b2402e26,00-0034367,HIN226970,Indianapolis Colts,,browns-at-colts-2019-pre-2,2019-08-17T20:00:00.000Z
Daurice,Fountain,WR,10,ACTIVE_DID_NOT_PLAY,2019,32013030-2d30-3033-3433-39355fa1d7c0,00-0034395,FOU164323,Indianapolis Colts,,browns-at-colts-2019-pre-2,2019-08-17T20:00:00.000Z
Jordan,Wilkins,RB,20,ACTIVE_DID_NOT_PLAY,2019,32013030-2d30-3033-3434-303045986240,00-0034400,WIL088337,Indianapolis Colts,,browns-at-colts-2019-pre-2,2019-08-17T20:00:00.000Z
Deon,Cain,WR,11,PLAYER_SUBSTITUTE,2019,32013030-2d30-3033-3434-30366d004de1,00-0034406,CAI129929,Indianapolis Colts,,browns-at-colts-2019-pre-2,2019-08-17T20:00:00.000Z
Matthew,Adams,LB,49,STARTED,2019,32013030-2d30-3033-3434-323431944140,00-0034424,ADA499253,Indianapolis Colts,,browns-at-colts-2019-pre-2,2019-08-17T20:00:00.000Z
Zaire,Franklin,LB,44,PLAYER_SUBSTITUTE,2019,32013030-2d30-3033-3434-333161a4cdd9,00-0034431,FRA561925,Indianapolis Colts,,browns-at-colts-2019-pre-2,2019-08-17T20:00:00.000Z
Jordan,Veasy,WR,02,PLAYER_SUBSTITUTE,2019,32013030-2d30-3033-3436-3639e3b2745f,00-0034669,VEA649935,Indianapolis Colts,,browns-at-colts-2019-pre-2,2019-08-17T20:00:00.000Z
Braden,Smith,G/T,72,STARTED,2019,32013030-2d30-3033-3438-3336361c65fc,00-0034836,SMI080765,Indianapolis Colts,,browns-at-colts-2019-pre-2,2019-08-17T20:00:00.000Z
Darius,Leonard,LB,53,STARTED,2019,32013030-2d30-3033-3438-3436a77118de,00-0034846,LEO425070,Indianapolis Colts,,browns-at-colts-2019-pre-2,2019-08-17T20:00:00.000Z
Ben,Banogu,DE,52,PLAYER_SUBSTITUTE,2019,32013030-2d30-3033-3439-36395fbdd01a,00-0034969,BAN737249,Indianapolis Colts,,browns-at-colts-2019-pre-2,2019-08-17T20:00:00.000Z
E.J.,Speed,LB,45,PLAYER_SUBSTITUTE,2019,32013030-2d30-3033-3439-3837da66b039,00-0034987,SPE175382,Indianapolis Colts,,browns-at-colts-2019-pre-2,2019-08-17T20:00:00.000Z
Gerri,Green,DE,91,PLAYER_SUBSTITUTE,2019,32013030-2d30-3033-3439-3937228f35c6,00-0034997,GRE237309,Indianapolis Colts,,browns-at-colts-2019-pre-2,2019-08-17T20:00:00.000Z
Jackson,Barton,T,71O,PLAYER_SUBSTITUTE,2019,32013030-2d30-3033-3530-3033c87af693,00-0035003,BAR782282,Indianapolis Colts,,browns-at-colts-2019-pre-2,2019-08-17T20:00:00.000Z
Javon,Patterson,C,65,PLAYER_SUBSTITUTE,2019,32013030-2d30-3033-3530-3035e8160039,00-0035005,PAT339102,Indianapolis Colts,,browns-at-colts-2019-pre-2,2019-08-17T20:00:00.000Z
Ashton,Dulin,WR,09O,PLAYER_SUBSTITUTE,2019,32013030-2d30-3033-3530-32318bcae2be,00-0035021,DUL521764,Indianapolis Colts,,browns-at-colts-2019-pre-2,2019-08-17T20:00:00.000Z
Penny,Hart,WR,01,ACTIVE_DID_NOT_PLAY,2019,32013030-2d30-3033-3530-3232babf32f1,00-0035022,HAR695794,Indianapolis Colts,,browns-at-colts-2019-pre-2,2019-08-17T20:00:00.000Z
Hale,Hentges,TE,86,PLAYER_SUBSTITUTE,2019,32013030-2d30-3033-3530-3235b4eb367d,00-0035025,HEN810974,Indianapolis Colts,,browns-at-colts-2019-pre-2,2019-08-17T20:00:00.000Z
Cole,Hedlund,K,09K,PLAYER_SUBSTITUTE,2019,32013030-2d30-3033-3531-37317f62a0bd,00-0035171,HED596088,Indianapolis Colts,,browns-at-colts-2019-pre-2,2019-08-17T20:00:00.000Z
Shakial,Taylor,CB,47D,PLAYER_SUBSTITUTE,2019,32013030-2d30-3033-3531-37324ec9080c,00-0035172,TAY697576,Indianapolis Colts,,browns-at-colts-2019-pre-2,2019-08-17T20:00:00.000Z
Sterling,Shippy,DT,76,PLAYER_SUBSTITUTE,2019,32013030-2d30-3033-3531-3738ffbf7af9,00-0035178,SHI516040,Indianapolis Colts,,browns-at-colts-2019-pre-2,2019-08-17T20:00:00.000Z
Khari,Willis,S,37,PLAYER_SUBSTITUTE,2019,32013030-2d30-3033-3535-3330411dab8a,00-0035530,WIL605004,Indianapolis Colts,,browns-at-colts-2019-pre-2,2019-08-17T20:00:00.000Z
Marvell,Tell,CB,39,PLAYER_SUBSTITUTE,2019,32013030-2d30-3033-3535-333467ea0543,00-0035534,TEL178130,Indianapolis Colts,,browns-at-colts-2019-pre-2,2019-08-17T20:00:00.000Z
Rock,Ya-Sin,CB,34,PLAYER_SUBSTITUTE,2019,32013030-2d30-3033-3536-3337c19c80d4,00-0035637,YAS738004,Indianapolis Colts,,browns-at-colts-2019-pre-2,2019-08-17T20:00:00.000Z
Parris,Campbell,WR,15,ACTIVE_DID_NOT_PLAY,2019,32013030-2d30-3033-3536-3339124ebd06,00-0035639,CAM230411,Indianapolis Colts,,browns-at-colts-2019-pre-2,2019-08-17T20:00:00.000Z
Isaiah,Langley,CB,40D,PLAYER_SUBSTITUTE,2019,32013030-2d30-3033-3536-373518cd5f92,00-0035675,LAN593140,Indianapolis Colts,,browns-at-colts-2019-pre-2,2019-08-17T20:00:00.000Z
Bobby,Okereke,LB,58,PLAYER_SUBSTITUTE,2019,32013030-2d30-3033-3536-383779022a97,00-0035687,OKE400459,Indianapolis Colts,,browns-at-colts-2019-pre-2,2019-08-17T20:00:00.000Z
Aca'Cedric,Ware,RB,38O,PLAYER_SUBSTITUTE,2019,32013030-2d30-3033-3537-3136feb11559,00-0035716,WAR322176,Indianapolis Colts,,browns-at-colts-2019-pre-2,2019-08-17T20:00:00.000Z
Drew,Stanton,QB,05,PLAYER_SUBSTITUTE,2019,32013030-2d30-3032-3534-3330104af661,00-0025430,STA482517,Cleveland Browns,,browns-at-colts-2019-pre-2,2019-08-17T20:00:00.000Z
Britton,Colquitt,P,04,PLAYER_SUBSTITUTE,2019,32013030-2d30-3032-3635-31361c4d7f0a,00-0026516,COL753921,Cleveland Browns,,browns-at-colts-2019-pre-2,2019-08-17T20:00:00.000Z
Morgan,Burnett,SS,42,STARTED,2019,32013030-2d30-3032-3736-373610c584f3,00-0027676,BUR426788,Cleveland Browns,,browns-at-colts-2019-pre-2,2019-08-17T20:00:00.000Z
Charley,Hughlett,LS,47,PLAYER_SUBSTITUTE,2019,32013030-2d30-3032-3930-3038191b1b93,00-0029008,HUG732560,Cleveland Browns,,browns-at-colts-2019-pre-2,2019-08-17T20:00:00.000Z
Olivier,Vernon,DE,54,STARTED,2019,32013030-2d30-3032-3936-393349c3db48,00-0029693,VER613364,Cleveland Browns,,browns-at-colts-2019-pre-2,2019-08-17T20:00:00.000Z
Christopher,Hubbard,T,74,STARTED,2019,32013030-2d30-3032-3939-3633f9e311fc,00-0029963,HUB174074,Cleveland Browns,,browns-at-colts-2019-pre-2,2019-08-17T20:00:00.000Z
Ray-Ray,Armstrong,LB,52,PLAYER_SUBSTITUTE,2019,32013030-2d30-3033-3030-35307a6d2528,00-0030050,ARM649391,Cleveland Browns,,browns-at-colts-2019-pre-2,2019-08-17T20:00:00.000Z
J.C.,Tretter,C,64,STARTED,2019,32013030-2d30-3033-3030-3736f297739d,00-0030076,TRE768289,Cleveland Browns,,browns-at-colts-2019-pre-2,2019-08-17T20:00:00.000Z
Eric,Kush,G,72,STARTED,2019,32013030-2d30-3033-3030-39343a46bc23,00-0030094,KUS182145,Cleveland Browns,,browns-at-colts-2019-pre-2,2019-08-17T20:00:00.000Z
Demetrius,Harris,TE,88,PLAYER_SUBSTITUTE,2019,32013030-2d30-3033-3031-3535bd049f8c,00-0030155,HAR363756,Cleveland Browns,,browns-at-colts-2019-pre-2,2019-08-17T20:00:00.000Z
Sheldon,Richardson,DT,98,STARTED,2019,32013030-2d30-3033-3035-3733d0487351,00-0030573,RIC621130,Cleveland Browns,,browns-at-colts-2019-pre-2,2019-08-17T20:00:00.000Z
Phillip,Gaines,CB,28,PLAYER_SUBSTITUTE,2019,32013030-2d30-3033-3130-3135bbd10997,00-0031015,GAI428981,Cleveland Browns,,browns-at-colts-2019-pre-2,2019-08-17T20:00:00.000Z
Terrance,Mitchell,CB,39,STARTED,2019,32013030-2d30-3033-3130-3937b6f75683,00-0031097,MIT731784,Cleveland Browns,,browns-at-colts-2019-pre-2,2019-08-17T20:00:00.000Z
Adarius,Taylor,LB,57,PLAYER_SUBSTITUTE,2019,32013030-2d30-3033-3131-32302a2f1f0a,00-0031120,GLA303597,Cleveland Browns,,browns-at-colts-2019-pre-2,2019-08-17T20:00:00.000Z
Bryan,Witzmann,G,71,PLAYER_SUBSTITUTE,2019,32013030-2d30-3033-3131-3532231a4e1f,00-0031152,WIT821930,Cleveland Browns,,browns-at-colts-2019-pre-2,2019-08-17T20:00:00.000Z
Odell,Beckham,WR,13,STARTED,2019,32013030-2d30-3033-3132-3335cebc9f07,00-0031235,BEC573252,Cleveland Browns,,browns-at-colts-2019-pre-2,2019-08-17T20:00:00.000Z
Chris,Smith,DE,50,PLAYER_SUBSTITUTE,2019,32013030-2d30-3033-3132-3634dc4d3e60,00-0031264,SMI141571,Cleveland Browns,,browns-at-colts-2019-pre-2,2019-08-17T20:00:00.000Z
T.J.,Carrie,CB,38,PLAYER_SUBSTITUTE,2019,32013030-2d30-3033-3132-3639766122e4,00-0031269,CAR470432,Cleveland Browns,,browns-at-colts-2019-pre-2,2019-08-17T20:00:00.000Z
Christian,Kirksey,LB,58,STARTED,2019,32013030-2d30-3033-3133-3631e1e83681,00-0031361,KIR636906,Cleveland Browns,,browns-at-colts-2019-pre-2,2019-08-17T20:00:00.000Z
Jarvis,Landry,WR,80,STARTED,2019,32013030-2d30-3033-3133-3832ba34ef7f,00-0031382,LAN163029,Cleveland Browns,,browns-at-colts-2019-pre-2,2019-08-17T20:00:00.000Z
Greg,Robinson,T,78,STARTED,2019,32013030-2d30-3033-3133-383650e0f568,00-0031386,ROB501818,Cleveland Browns,,browns-at-colts-2019-pre-2,2019-08-17T20:00:00.000Z
Garrett,Gilbert,QB,03,PLAYER_SUBSTITUTE,2019,32013030-2d30-3033-3133-3935f835967d,00-0031395,GIL072219,Cleveland Browns,,browns-at-colts-2019-pre-2,2019-08-17T20:00:00.000Z
Joel,Bitonio,G,75,STARTED,2019,32013030-2d30-3033-3134-3236e0dc80a7,00-0031426,BIT316411,Cleveland Browns,,browns-at-colts-2019-pre-2,2019-08-17T20:00:00.000Z
Jermaine,Whitehead,S,35,PLAYER_SUBSTITUTE,2019,32013030-2d30-3033-3135-313245007638,00-0031512,WHI621475,Cleveland Browns,,browns-at-colts-2019-pre-2,2019-08-17T20:00:00.000Z
Jaelen,Strong,WR,10,PLAYER_SUBSTITUTE,2019,32013030-2d30-3033-3135-3630c5d1ae8a,00-0031560,STR627834,Cleveland Browns,,browns-at-colts-2019-pre-2,2019-08-17T20:00:00.000Z
Kendall,Lamm,T,70,PLAYER_SUBSTITUTE,2019,32013030-2d30-3033-3139-32313432f23b,00-0031921,LAM628478,Cleveland Browns,,browns-at-colts-2019-pre-2,2019-08-17T20:00:00.000Z
Carl,Davis,DT,94,PLAYER_SUBSTITUTE,2019,32013030-2d30-3033-3139-333893453a72,00-0031938,DAV212103,Cleveland Browns,,browns-at-colts-2019-pre-2,2019-08-17T20:00:00.000Z
Damarious,Randall,S,23,STARTED,2019,32013030-2d30-3033-3232-3531762584db,00-0032251,RAN052747,Cleveland Browns,,browns-at-colts-2019-pre-2,2019-08-17T20:00:00.000Z
Joe,Kerridge,FB,49O,STARTED,2019,32013030-2d30-3033-3233-3735766af1c9,00-0032375,KER602889,Cleveland Browns,,browns-at-colts-2019-pre-2,2019-08-17T20:00:00.000Z
Juston,Burris,CB,31,PLAYER_SUBSTITUTE,2019,32013030-2d30-3033-3234-303349c0b79f,00-0032403,BUR608462,Cleveland Browns,,browns-at-colts-2019-pre-2,2019-08-17T20:00:00.000Z
Anthony,Zettel,DE,97,PLAYER_SUBSTITUTE,2019,32013030-2d30-3033-3234-3335ea9af7fc,00-0032435,ZET629687,Cleveland Browns,,browns-at-colts-2019-pre-2,2019-08-17T20:00:00.000Z
Trevon,Coley,DT,93,PLAYER_SUBSTITUTE,2019,32013030-2d30-3033-3235-36369ffb0e12,00-0032566,COL378757,Cleveland Browns,,browns-at-colts-2019-pre-2,2019-08-17T20:00:00.000Z
Brian,Price,DT,91,PLAYER_SUBSTITUTE,2019,32013030-2d30-3033-3236-34398a6f5377,00-0032649,PRI059392,Cleveland Browns,,browns-at-colts-2019-pre-2,2019-08-17T20:00:00.000Z
Brandin,Bryant,DT,69,PLAYER_SUBSTITUTE,2019,32013030-2d30-3033-3236-36306c9a2d11,00-0032660,BRY237018,Cleveland Browns,,browns-at-colts-2019-pre-2,2019-08-17T20:00:00.000Z
Rashard,Higgins,WR,81,PLAYER_SUBSTITUTE,2019,32013030-2d30-3033-3239-3737129a14db,00-0032977,HIG322107,Cleveland Browns,,browns-at-colts-2019-pre-2,2019-08-17T20:00:00.000Z
Eric,Murray,S,22,PLAYER_SUBSTITUTE,2019,32013030-2d30-3033-3330-333854b907d6,00-0033038,MUR615618,Cleveland Browns,,browns-at-colts-2019-pre-2,2019-08-17T20:00:00.000Z
Rico,Gathers,TE,82,PLAYER_SUBSTITUTE,2019,32013030-2d30-3033-3330-353481c8b362,00-0033054,GAT444006,Cleveland Browns,,browns-at-colts-2019-pre-2,2019-08-17T20:00:00.000Z
Seth,DeValve,TE,87,PLAYER_SUBSTITUTE,2019,32013030-2d30-3033-3330-38308194a298,00-0033080,DEV078904,Cleveland Browns,,browns-at-colts-2019-pre-2,2019-08-17T20:00:00.000Z
Joe,Schobert,LB,53,STARTED,2019,32013030-2d30-3033-3331-323591d44e2c,00-0033125,SCH425646,Cleveland Browns,,browns-at-colts-2019-pre-2,2019-08-17T20:00:00.000Z
Kyle,Kalis,C,68,PLAYER_SUBSTITUTE,2019,32013030-2d30-3033-3332-37377b524af2,00-0033277,KAL403290,Cleveland Browns,,browns-at-colts-2019-pre-2,2019-08-17T20:00:00.000Z
Lenzy,Pipkins,CB,41,PLAYER_SUBSTITUTE,2019,32013030-2d30-3033-3333-3632847414cf,00-0033362,PIP438540,Cleveland Browns,,browns-at-colts-2019-pre-2,2019-08-17T20:00:00.000Z
Pharaoh,Brown,TE,86,PLAYER_SUBSTITUTE,2019,32013030-2d30-3033-3334-3339809c7fd3,00-0033439,BRO579945,Cleveland Browns,,browns-at-colts-2019-pre-2,2019-08-17T20:00:00.000Z
Devaroe,Lawrence,DT,99,PLAYER_SUBSTITUTE,2019,32013030-2d30-3033-3335-3031f6d2694c,00-0033501,LAW287201,Cleveland Browns,,browns-at-colts-2019-pre-2,2019-08-17T20:00:00.000Z
Brad,Seaton,T,60,PLAYER_SUBSTITUTE,2019,32013030-2d30-3033-3337-3935cd9bf0bf,00-0033795,SEA688174,Cleveland Browns,,browns-at-colts-2019-pre-2,2019-08-17T20:00:00.000Z
Myles,Garrett,DE,95,STARTED,2019,32013030-2d30-3033-3338-3638e421b62c,00-0033868,GAR528896,Cleveland Browns,,browns-at-colts-2019-pre-2,2019-08-17T20:00:00.000Z
David,Njoku,TE,85,STARTED,2019,32013030-2d30-3033-3338-383510d0af60,00-0033885,NJO355964,Cleveland Browns,,browns-at-colts-2019-pre-2,2019-08-17T20:00:00.000Z
Larry,Ogunjobi,DT,65,STARTED,2019,32013030-2d30-3033-3339-30353efefb43,00-0033905,OGU431455,Cleveland Browns,,browns-at-colts-2019-pre-2,2019-08-17T20:00:00.000Z
Kareem,Hunt,RB,27,PLAYER_SUBSTITUTE,2019,32013030-2d30-3033-3339-32333147481d,00-0033923,HUN308934,Cleveland Browns,,browns-at-colts-2019-pre-2,2019-08-17T20:00:00.000Z
Robert,Jackson,CB,34,PLAYER_SUBSTITUTE,2019,32013030-2d30-3033-3430-38385605a64f,00-0034088,JAC502943,Cleveland Browns,,browns-at-colts-2019-pre-2,2019-08-17T20:00:00.000Z
Daniel,Ekuale,DT,96,PLAYER_SUBSTITUTE,2019,32013030-2d30-3033-3432-35312b4ce485,00-0034251,EKU059326,Cleveland Browns,,browns-at-colts-2019-pre-2,2019-08-17T20:00:00.000Z
Dontrell,Hilliard,RB,25,PLAYER_SUBSTITUTE,2019,32013030-2d30-3033-3432-35336f47acf9,00-0034253,HIL714536,Cleveland Browns,,browns-at-colts-2019-pre-2,2019-08-17T20:00:00.000Z
Derrick,Willies,WR,84,PLAYER_SUBSTITUTE,2019,32013030-2d30-3033-3432-3538d246015e,00-0034258,WIL593224,Cleveland Browns,,browns-at-colts-2019-pre-2,2019-08-17T20:00:00.000Z
Austin,Corbett,G,63,PLAYER_SUBSTITUTE,2019,32013030-2d30-3033-3432-36316bb3fbb8,00-0034261,COR008097,Cleveland Browns,,browns-at-colts-2019-pre-2,2019-08-17T20:00:00.000Z
Damion,Ratley,WR,18,PLAYER_SUBSTITUTE,2019,32013030-2d30-3033-3432-3733f2d9d810,00-0034273,RAT547656,Cleveland Browns,,browns-at-colts-2019-pre-2,2019-08-17T20:00:00.000Z
Greg,Joseph,K,17,PLAYER_SUBSTITUTE,2019,32013030-2d30-3033-3434-35302a2b07d0,00-0034450,JOS208464,Cleveland Browns,,browns-at-colts-2019-pre-2,2019-08-17T20:00:00.000Z
Tavierre,Thomas,CB,20,PLAYER_SUBSTITUTE,2019,32013030-2d30-3033-3434-3838f707adb1,00-0034488,THO386668,Cleveland Browns,,browns-at-colts-2019-pre-2,2019-08-17T20:00:00.000Z
Genard,Avery,LB,55,STARTED,2019,32013030-2d30-3033-3436-3832c0c4a9a7,00-0034682,AVE456819,Cleveland Browns,,browns-at-colts-2019-pre-2,2019-08-17T20:00:00.000Z
Chad,Thomas,DE,92,PLAYER_SUBSTITUTE,2019,32013030-2d30-3033-3437-3730a65628e7,00-0034770,THO076181,Cleveland Browns,,browns-at-colts-2019-pre-2,2019-08-17T20:00:00.000Z
Antonio,Callaway,WR,11,PLAYER_SUBSTITUTE,2019,32013030-2d30-3033-3437-3732a8baa413,00-0034772,CAL612552,Cleveland Browns,,browns-at-colts-2019-pre-2,2019-08-17T20:00:00.000Z
Nick,Chubb,RB,24,STARTED,2019,32013030-2d30-3033-3437-3931e5305530,00-0034791,CHU033942,Cleveland Browns,,browns-at-colts-2019-pre-2,2019-08-17T20:00:00.000Z
Baker,Mayfield,QB,06,STARTED,2019,32013030-2d30-3033-3438-3535737060f8,00-0034855,MAY483453,Cleveland Browns,,browns-at-colts-2019-pre-2,2019-08-17T20:00:00.000Z
Denzel,Ward,CB,21,STARTED,2019,32013030-2d30-3033-3438-3536d63545f4,00-0034856,WAR146753,Cleveland Browns,,browns-at-colts-2019-pre-2,2019-08-17T20:00:00.000Z
Tigie,Sankoh,S,40,PLAYER_SUBSTITUTE,2019,32013030-2d30-3033-3438-3735349ba83a,00-0034875,SAN748113,Cleveland Browns,,browns-at-colts-2019-pre-2,2019-08-17T20:00:00.000Z
Damon,Sheehy-Guiseppi,WR,15,PLAYER_SUBSTITUTE,2019,32013030-2d30-3033-3439-31355642ea36,00-0034915,SHE157583,Cleveland Browns,,browns-at-colts-2019-pre-2,2019-08-17T20:00:00.000Z
Ishmael,Hyman,WR,16,PLAYER_SUBSTITUTE,2019,32013030-2d30-3033-3439-32324865de70,00-0034922,HYM029663,Cleveland Browns,,browns-at-colts-2019-pre-2,2019-08-17T20:00:00.000Z
Sheldrick,Redwine,S,33,PLAYER_SUBSTITUTE,2019,32013030-2d30-3033-3439-37377ae43b8a,00-0034977,RED790651,Cleveland Browns,,browns-at-colts-2019-pre-2,2019-08-17T20:00:00.000Z
Drew,Forbes,T,79,PLAYER_SUBSTITUTE,2019,32013030-2d30-3033-3439-3931e3cac68f,00-0034991,FOR013556,Cleveland Browns,,browns-at-colts-2019-pre-2,2019-08-17T20:00:00.000Z
Donnie,Lewis,CB,37,PLAYER_SUBSTITUTE,2019,32013030-2d30-3033-3439-393816f51bcb,00-0034998,LEW219334,Cleveland Browns,,browns-at-colts-2019-pre-2,2019-08-17T20:00:00.000Z
Dorian,Baker,WR,19,PLAYER_SUBSTITUTE,2019,32013030-2d30-3033-3530-33384747e6e2,00-0035038,BAK168771,Cleveland Browns,,browns-at-colts-2019-pre-2,2019-08-17T20:00:00.000Z
Stephen,Carlson,TE,89,PLAYER_SUBSTITUTE,2019,32013030-2d30-3033-3530-3339dc511082,00-0035039,CAR177297,Cleveland Browns,,browns-at-colts-2019-pre-2,2019-08-17T20:00:00.000Z
David,Blough,QB,09,PLAYER_SUBSTITUTE,2019,32013030-2d30-3033-3530-343014e16576,00-0035040,BLO315389,Cleveland Browns,,browns-at-colts-2019-pre-2,2019-08-17T20:00:00.000Z
Brian,Fineanganofo,T,67,PLAYER_SUBSTITUTE,2019,32013030-2d30-3033-3530-343147db788b,00-0035041,FIN208665,Cleveland Browns,,browns-at-colts-2019-pre-2,2019-08-17T20:00:00.000Z
Jamie,Gillan,P,07,PLAYER_SUBSTITUTE,2019,32013030-2d30-3033-3530-3432b77b0e5d,00-0035042,GIL360851,Cleveland Browns,,browns-at-colts-2019-pre-2,2019-08-17T20:00:00.000Z
J.T.,Hassell,S,49D,PLAYER_SUBSTITUTE,2019,32013030-2d30-3033-3530-34342c8cb591,00-0035044,HAS564258,Cleveland Browns,,browns-at-colts-2019-pre-2,2019-08-17T20:00:00.000Z
D.J.,Montgomery,WR,83,PLAYER_SUBSTITUTE,2019,32013030-2d30-3033-3530-3435e297541f,00-0035045,MON498910,Cleveland Browns,,browns-at-colts-2019-pre-2,2019-08-17T20:00:00.000Z
Jarrell,Owens,DE,62,PLAYER_SUBSTITUTE,2019,32013030-2d30-3033-3530-3436b97a2771,00-0035046,OWE506235,Cleveland Browns,,browns-at-colts-2019-pre-2,2019-08-17T20:00:00.000Z
Wyatt,Ray,DE,61,PLAYER_SUBSTITUTE,2019,32013030-2d30-3033-3530-3438e3781666,00-0035048,RAY452929,Cleveland Browns,,browns-at-colts-2019-pre-2,2019-08-17T20:00:00.000Z
Anthony,Stubbs,LB,90,PLAYER_SUBSTITUTE,2019,32013030-2d30-3033-3530-343993a2f150,00-0035049,STU115465,Cleveland Browns,,browns-at-colts-2019-pre-2,2019-08-17T20:00:00.000Z
Willie,Wright,C,66,PLAYER_SUBSTITUTE,2019,32013030-2d30-3033-3530-3531d832c42e,00-0035051,WRI760695,Cleveland Browns,,browns-at-colts-2019-pre-2,2019-08-17T20:00:00.000Z
Dedrick,Young,LB,59,PLAYER_SUBSTITUTE,2019,32013030-2d30-3033-3530-3532d696f852,00-0035052,YOU790009,Cleveland Browns,,browns-at-colts-2019-pre-2,2019-08-17T20:00:00.000Z
Mik'Quan,Deane,TE,48,PLAYER_SUBSTITUTE,2019,32013030-2d30-3033-3530-383977a41340,,,Cleveland Browns,,browns-at-colts-2019-pre-2,2019-08-17T20:00:00.000Z
Mack,Wilson,LB,51,PLAYER_SUBSTITUTE,2019,32013030-2d30-3033-3531-343414910092,00-0035144,WIL747169,Cleveland Browns,,browns-at-colts-2019-pre-2,2019-08-17T20:00:00.000Z
Austin,Seibert,K,02,PLAYER_SUBSTITUTE,2019,32013030-2d30-3033-3531-3435de033b29,00-0035145,SEI275063,Cleveland Browns,,browns-at-colts-2019-pre-2,2019-08-17T20:00:00.000Z
Jhavonte,Dean,CB,36,PLAYER_SUBSTITUTE,2019,32013030-2d30-3033-3531-3735441e535f,00-0035175,DEA358962,Cleveland Browns,,browns-at-colts-2019-pre-2,2019-08-17T20:00:00.000Z
Trayone,Gray,RB,43,PLAYER_SUBSTITUTE,2019,32013030-2d30-3033-3531-37367121992e,00-0035176,GRA789006,Cleveland Browns,,browns-at-colts-2019-pre-2,2019-08-17T20:00:00.000Z
Willie,Harvey,LB,56,PLAYER_SUBSTITUTE,2019,32013030-2d30-3033-3531-3737f045cf44,00-0035177,HAR824898,Cleveland Browns,,browns-at-colts-2019-pre-2,2019-08-17T20:00:00.000Z
A.J.,Ouellette,RB,01,PLAYER_SUBSTITUTE,2019,32013030-2d30-3033-3535-383345f34c4e,00-0035583,OUE415291,Cleveland Browns,,browns-at-colts-2019-pre-2,2019-08-17T20:00:00.000Z
D'Ernest,Johnson,RB,30,PLAYER_SUBSTITUTE,2019,32013030-2d30-3033-3536-323815aa4463,00-0035628,JOH201643,Cleveland Browns,,browns-at-colts-2019-pre-2,2019-08-17T20:00:00.000Z
Greedy,Williams,CB,26,PLAYER_SUBSTITUTE,2019,32013030-2d30-3033-3536-33388d2840b4,00-0035638,WIL036342,Cleveland Browns,,browns-at-colts-2019-pre-2,2019-08-17T20:00:00.000Z
Sione,Takitaki,LB,44,PLAYER_SUBSTITUTE,2019,32013030-2d30-3033-3536-3436628abcdd,00-0035646,TAK111241,Cleveland Browns,,browns-at-colts-2019-pre-2,2019-08-17T20:00:00.000Z
Travis,Vornkahl,T,77,PLAYER_SUBSTITUTE,2019,32013030-2d30-3033-3537-333635cde64f,00-0035736,VOR307886,Cleveland Browns,,browns-at-colts-2019-pre-2,2019-08-17T20:00:00.000Z
