firstName,lastName,position,jerseyNumber,status,seasonId,id,gsisId,esbId,gsisPlayer.person,fullName,slug,gameTime
Calais,Campbell,DE,93,STARTED,2019,32013030-2d30-3032-3631-3930796ca691,00-0026190,CAM208843,,Jacksonville Jaguars,eagles-at-jaguars-2019-pre-2,2019-08-15T23:00:00.000Z
Matt,Overton,DE,45,PLAYER_SUBSTITUTE,2019,32013030-2d30-3032-3731-3837bbbf8f15,00-0027187,OVE674964,,Jacksonville Jaguars,eagles-at-jaguars-2019-pre-2,2019-08-15T23:00:00.000Z
Marcell,Dareus,DT,99,STARTED,2019,32013030-2d30-3032-3739-34313411b1b8,00-0027941,DAR319542,,Jacksonville Jaguars,eagles-at-jaguars-2019-pre-2,2019-08-15T23:00:00.000Z
Ben,Ijalana,T,66,PLAYER_SUBSTITUTE,2019,32013030-2d30-3032-3739-3837a05156c8,00-0027987,IJA385627,,Jacksonville Jaguars,eagles-at-jaguars-2019-pre-2,2019-08-15T23:00:00.000Z
Terrelle,Pryor,WR,10,PLAYER_SUBSTITUTE,2019,32013030-2d30-3032-3838-3235f9b1e8b0,00-0028825,PRY474541,,Jacksonville Jaguars,eagles-at-jaguars-2019-pre-2,2019-08-15T23:00:00.000Z
Najee,Goode,LB,52,PLAYER_SUBSTITUTE,2019,32013030-2d30-3032-3934-31382f5e3429,00-0029418,GOO217526,,Jacksonville Jaguars,eagles-at-jaguars-2019-pre-2,2019-08-15T23:00:00.000Z
Nick,Foles,QB,07,STARTED,2019,32013030-2d30-3032-3935-3637b84f8e70,00-0029567,FOL058566,,Jacksonville Jaguars,eagles-at-jaguars-2019-pre-2,2019-08-15T23:00:00.000Z
Josh,Robinson,DB,29,PLAYER_SUBSTITUTE,2019,32013030-2d30-3032-3936-39311c75bc20,00-0029691,ROB590205,,Jacksonville Jaguars,eagles-at-jaguars-2019-pre-2,2019-08-15T23:00:00.000Z
Cody,Davis,DB,22,PLAYER_SUBSTITUTE,2019,32013030-2d30-3032-3937-36348a112b3e,00-0029764,DAV247918,,Jacksonville Jaguars,eagles-at-jaguars-2019-pre-2,2019-08-15T23:00:00.000Z
Lerentee,McCray,LB,55,PLAYER_SUBSTITUTE,2019,32013030-2d30-3032-3937-39394b7b7c7f,00-0029799,MCC670331,,Jacksonville Jaguars,eagles-at-jaguars-2019-pre-2,2019-08-15T23:00:00.000Z
Abry,Jones,DT,95,STARTED,2019,32013030-2d30-3032-3939-34365bdd84b7,00-0029946,JON026672,,Jacksonville Jaguars,eagles-at-jaguars-2019-pre-2,2019-08-15T23:00:00.000Z
A.J.,Bouye,DB,21,STARTED,2019,32013030-2d30-3033-3032-3238414cf97a,00-0030228,BOU651714,,Jacksonville Jaguars,eagles-at-jaguars-2019-pre-2,2019-08-15T23:00:00.000Z
D.J.,Hayden,DB,25,PLAYER_SUBSTITUTE,2019,32013030-2d30-3033-3035-37326cbdbde9,00-0030572,HAY031145,,Jacksonville Jaguars,eagles-at-jaguars-2019-pre-2,2019-08-15T23:00:00.000Z
Datone,Jones,DE,96,PLAYER_SUBSTITUTE,2019,32013030-2d30-3033-3035-3736cb76de38,00-0030576,JON213438,,Jacksonville Jaguars,eagles-at-jaguars-2019-pre-2,2019-08-15T23:00:00.000Z
Tyler,Shatley,G,69,PLAYER_SUBSTITUTE,2019,32013030-2d30-3033-3038-3237ed16183b,00-0030827,SHA509766,,Jacksonville Jaguars,eagles-at-jaguars-2019-pre-2,2019-08-15T23:00:00.000Z
Josh,Wells,T,72,PLAYER_SUBSTITUTE,2019,32013030-2d30-3033-3038-323983c39f83,00-0030829,WEL457772,,Jacksonville Jaguars,eagles-at-jaguars-2019-pre-2,2019-08-15T23:00:00.000Z
Alfred,Blue,RB,23,PLAYER_SUBSTITUTE,2019,32013030-2d30-3033-3130-3735f9bae15f,00-0031075,BLU106654,,Jacksonville Jaguars,eagles-at-jaguars-2019-pre-2,2019-08-15T23:00:00.000Z
Andrew,Norwell,G,68,STARTED,2019,32013030-2d30-3033-3131-32321231ca1c,00-0031122,NOR777536,,Jacksonville Jaguars,eagles-at-jaguars-2019-pre-2,2019-08-15T23:00:00.000Z
Brandon,Thomas,G,70,PLAYER_SUBSTITUTE,2019,32013030-2d30-3033-3133-30352bb67d13,00-0031305,THO043949,,Jacksonville Jaguars,eagles-at-jaguars-2019-pre-2,2019-08-15T23:00:00.000Z
Brandon,Linder,G,65,STARTED,2019,32013030-2d30-3033-3133-3639653484ad,00-0031369,LIN175931,,Jacksonville Jaguars,eagles-at-jaguars-2019-pre-2,2019-08-15T23:00:00.000Z
Marqise,Lee,WR,11,STARTED,2019,32013030-2d30-3033-3134-33311cd674ce,00-0031431,LEE466282,,Jacksonville Jaguars,eagles-at-jaguars-2019-pre-2,2019-08-15T23:00:00.000Z
Jake,Ryan,LB,47,ACTIVE_DID_NOT_PLAY,2019,32013030-2d30-3033-3135-37382114f0ca,00-0031578,RYA208916,,Jacksonville Jaguars,eagles-at-jaguars-2019-pre-2,2019-08-15T23:00:00.000Z
Thomas,Rawls,RB,34,PLAYER_SUBSTITUTE,2019,32013030-2d30-3033-3138-3937535e4f25,00-0031897,RAW440791,,Jacksonville Jaguars,eagles-at-jaguars-2019-pre-2,2019-08-15T23:00:00.000Z
Ramik,Wilson,LB,53,PLAYER_SUBSTITUTE,2019,32013030-2d30-3033-3139-34337fd967c3,00-0031943,WIL774827,,Jacksonville Jaguars,eagles-at-jaguars-2019-pre-2,2019-08-15T23:00:00.000Z
Davis,Tull,LB,58,PLAYER_SUBSTITUTE,2019,32013030-2d30-3033-3139-34368a1c0942,00-0031946,TUL136073,,Jacksonville Jaguars,eagles-at-jaguars-2019-pre-2,2019-08-15T23:00:00.000Z
D.J.,Alexander,LB,59,PLAYER_SUBSTITUTE,2019,32013030-2d30-3033-3139-35304d817857,00-0031950,ALE227676,,Jacksonville Jaguars,eagles-at-jaguars-2019-pre-2,2019-08-15T23:00:00.000Z
James,O'Shaughnessy,TE,80,STARTED,2019,32013030-2d30-3033-3139-353149d0ce51,00-0031951,OSH126429,,Jacksonville Jaguars,eagles-at-jaguars-2019-pre-2,2019-08-15T23:00:00.000Z
Josh,Lambo,K,04,PLAYER_SUBSTITUTE,2019,32013030-2d30-3033-3230-3837c02fb433,00-0032087,LAM580646,,Jacksonville Jaguars,eagles-at-jaguars-2019-pre-2,2019-08-15T23:00:00.000Z
Tre,McBride,WR,88,PLAYER_SUBSTITUTE,2019,32013030-2d30-3033-3231-3233b0e19442,00-0032123,MCB743359,,Jacksonville Jaguars,eagles-at-jaguars-2019-pre-2,2019-08-15T23:00:00.000Z
Chris,Conley,WR,18,PLAYER_SUBSTITUTE,2019,32013030-2d30-3033-3231-32382075b9f9,00-0032128,CON236839,,Jacksonville Jaguars,eagles-at-jaguars-2019-pre-2,2019-08-15T23:00:00.000Z
Ben,Koyack,TE,83,PLAYER_SUBSTITUTE,2019,32013030-2d30-3033-3231-3339732fb8f5,00-0032139,KOY563976,,Jacksonville Jaguars,eagles-at-jaguars-2019-pre-2,2019-08-15T23:00:00.000Z
Geoff,Swaim,TE,87,STARTED,2019,32013030-2d30-3033-3231-343113b57f78,00-0032141,SWA047065,,Jacksonville Jaguars,eagles-at-jaguars-2019-pre-2,2019-08-15T23:00:00.000Z
Cedric,Ogbuehi,T,77,STARTED,2019,32013030-2d30-3033-3232-3333278ddb86,00-0032233,OGB666101,,Jacksonville Jaguars,eagles-at-jaguars-2019-pre-2,2019-08-15T23:00:00.000Z
A.J.,Cann,G,60,STARTED,2019,32013030-2d30-3033-3232-35352c667444,00-0032255,CAN364949,,Jacksonville Jaguars,eagles-at-jaguars-2019-pre-2,2019-08-15T23:00:00.000Z
Jarrod,Wilson,SS,26,STARTED,2019,32013030-2d30-3033-3235-3235356b842e,00-0032525,WIL722801,,Jacksonville Jaguars,eagles-at-jaguars-2019-pre-2,2019-08-15T23:00:00.000Z
Leonard,Wester,T,61,PLAYER_SUBSTITUTE,2019,32013030-2d30-3033-3238-32379142872b,00-0032827,WES649707,,Jacksonville Jaguars,eagles-at-jaguars-2019-pre-2,2019-08-15T23:00:00.000Z
Myles,Jack,LB,44,STARTED,2019,32013030-2d30-3033-3239-3638a8073d82,00-0032968,JAC008463,,Jacksonville Jaguars,eagles-at-jaguars-2019-pre-2,2019-08-15T23:00:00.000Z
Jalen,Ramsey,DB,20,STARTED,2019,32013030-2d30-3033-3330-3535c37afe19,00-0033055,RAM435895,,Jacksonville Jaguars,eagles-at-jaguars-2019-pre-2,2019-08-15T23:00:00.000Z
Yannick,Ngakoue,DE,91,STARTED,2019,32013030-2d30-3033-3331-32336f481bcb,00-0033123,NGA355963,,Jacksonville Jaguars,eagles-at-jaguars-2019-pre-2,2019-08-15T23:00:00.000Z
Devante,Mays,RB,33,PLAYER_SUBSTITUTE,2019,32013030-2d30-3033-3333-30341119341e,00-0033304,MAY738290,,Jacksonville Jaguars,eagles-at-jaguars-2019-pre-2,2019-08-15T23:00:00.000Z
C.J.,Board,WR,16,PLAYER_SUBSTITUTE,2019,32013030-2d30-3033-3333-3637d3290e9d,00-0033367,BOA313482,,Jacksonville Jaguars,eagles-at-jaguars-2019-pre-2,2019-08-15T23:00:00.000Z
Breon,Borders,CB,31,PLAYER_SUBSTITUTE,2019,32013030-2d30-3033-3334-333547796215,00-0033435,BOR366604,,Jacksonville Jaguars,eagles-at-jaguars-2019-pre-2,2019-08-15T23:00:00.000Z
Eli,Ankou,DT,54,PLAYER_SUBSTITUTE,2019,32013030-2d30-3033-3335-3938af6a3a40,00-0033598,ANK339333,,Jacksonville Jaguars,eagles-at-jaguars-2019-pre-2,2019-08-15T23:00:00.000Z
Keelan,Cole,WR,84,PLAYER_SUBSTITUTE,2019,32013030-2d30-3033-3336-38312a915020,00-0033681,COL130738,,Jacksonville Jaguars,eagles-at-jaguars-2019-pre-2,2019-08-15T23:00:00.000Z
Dede,Westbrook,WR,12,STARTED,2019,32013030-2d30-3033-3338-3339d6d55d49,00-0033839,WES551470,,Jacksonville Jaguars,eagles-at-jaguars-2019-pre-2,2019-08-15T23:00:00.000Z
Leonard,Fournette,RB,27,STARTED,2019,32013030-2d30-3033-3338-3536995e1ac1,00-0033856,FOU564970,,Jacksonville Jaguars,eagles-at-jaguars-2019-pre-2,2019-08-15T23:00:00.000Z
Cam,Robinson,T,74,STARTED,2019,32013030-2d30-3033-3338-383952707fd6,00-0033889,ROB373063,,Jacksonville Jaguars,eagles-at-jaguars-2019-pre-2,2019-08-15T23:00:00.000Z
Dawuane,Smoot,DE,94,PLAYER_SUBSTITUTE,2019,32013030-2d30-3033-3339-30376dfa5f27,00-0033907,SMO474349,,Jacksonville Jaguars,eagles-at-jaguars-2019-pre-2,2019-08-15T23:00:00.000Z
Quadree,Henderson,WR,81,PLAYER_SUBSTITUTE,2019,32013030-2d30-3033-3432-303677334d56,00-0034206,HEN120889,,Jacksonville Jaguars,eagles-at-jaguars-2019-pre-2,2019-08-15T23:00:00.000Z
Will,Richardson,T,76,PLAYER_SUBSTITUTE,2019,32013030-2d30-3033-3433-383058a64672,00-0034380,RIC640708,,Jacksonville Jaguars,eagles-at-jaguars-2019-pre-2,2019-08-15T23:00:00.000Z
Tanner,Lee,QB,03,PLAYER_SUBSTITUTE,2019,32013030-2d30-3033-3434-31369d8a4ef7,00-0034416,LEE667321,,Jacksonville Jaguars,eagles-at-jaguars-2019-pre-2,2019-08-15T23:00:00.000Z
Leon,Jacobs,LB,48,STARTED,2019,32013030-2d30-3033-3434-3238b43a5a33,00-0034428,JAC746314,,Jacksonville Jaguars,eagles-at-jaguars-2019-pre-2,2019-08-15T23:00:00.000Z
Logan,Cooke,P,09,PLAYER_SUBSTITUTE,2019,32013030-2d30-3033-3434-3337938e3b67,00-0034437,COO283823,,Jacksonville Jaguars,eagles-at-jaguars-2019-pre-2,2019-08-15T23:00:00.000Z
Tre,Herndon,DB,37,PLAYER_SUBSTITUTE,2019,32013030-2d30-3033-3435-3136cfe03c95,00-0034516,HER401328,,Jacksonville Jaguars,eagles-at-jaguars-2019-pre-2,2019-08-15T23:00:00.000Z
Mike,Hughes,DT,97,PLAYER_SUBSTITUTE,2019,32013030-2d30-3033-3435-313754afdb68,00-0034517,HUG538972,,Jacksonville Jaguars,eagles-at-jaguars-2019-pre-2,2019-08-15T23:00:00.000Z
Lyndon,Johnson,DT,92,PLAYER_SUBSTITUTE,2019,32013030-2d30-3033-3435-3230c4da2fac,00-0034520,JOH447301,,Jacksonville Jaguars,eagles-at-jaguars-2019-pre-2,2019-08-15T23:00:00.000Z
Kc,McDermott,T,62,PLAYER_SUBSTITUTE,2019,32013030-2d30-3033-3435-323257b9279c,00-0034522,MCD191817,,Jacksonville Jaguars,eagles-at-jaguars-2019-pre-2,2019-08-15T23:00:00.000Z
Quenton,Meeks,DB,24,PLAYER_SUBSTITUTE,2019,32013030-2d30-3033-3435-323332cc5d47,00-0034523,MEE565345,,Jacksonville Jaguars,eagles-at-jaguars-2019-pre-2,2019-08-15T23:00:00.000Z
C.J.,Reavis,DB,38,PLAYER_SUBSTITUTE,2019,32013030-2d30-3033-3435-32368ce62e81,00-0034526,REA763958,,Jacksonville Jaguars,eagles-at-jaguars-2019-pre-2,2019-08-15T23:00:00.000Z
Donnie,Ernsberger,TE,86,PLAYER_SUBSTITUTE,2019,32013030-2d30-3033-3436-3131c301e9c1,00-0034611,ERN252861,,Jacksonville Jaguars,eagles-at-jaguars-2019-pre-2,2019-08-15T23:00:00.000Z
Ethan,Wolf,TE,46,,2019,32013030-2d30-3033-3436-3732dafdc924,00-0034672,WOL115032,,Jacksonville Jaguars,eagles-at-jaguars-2019-pre-2,2019-08-15T23:00:00.000Z
Alex,McGough,QB,02,PLAYER_SUBSTITUTE,2019,32013030-2d30-3033-3437-3332ac7745cf,00-0034732,MCG519888,,Jacksonville Jaguars,eagles-at-jaguars-2019-pre-2,2019-08-15T23:00:00.000Z
D.J.,Chark,WR,17,PLAYER_SUBSTITUTE,2019,32013030-2d30-3033-3437-37373924de43,00-0034777,CHA553392,,Jacksonville Jaguars,eagles-at-jaguars-2019-pre-2,2019-08-15T23:00:00.000Z
Ronnie,Harrison,DB,36,STARTED,2019,32013030-2d30-3033-3437-3739d4275764,00-0034779,HAR638591,,Jacksonville Jaguars,eagles-at-jaguars-2019-pre-2,2019-08-15T23:00:00.000Z
Taven,Bryan,DT,90,PLAYER_SUBSTITUTE,2019,32013030-2d30-3033-3438-343263260835,00-0034842,BRY121291,,Jacksonville Jaguars,eagles-at-jaguars-2019-pre-2,2019-08-15T23:00:00.000Z
Jawaan,Taylor,T,75,PLAYER_SUBSTITUTE,2019,32013030-2d30-3033-3532-33376a61f247,00-0035237,TAY349425,,Jacksonville Jaguars,eagles-at-jaguars-2019-pre-2,2019-08-15T23:00:00.000Z
Josh,Oliver,TE,89,PLAYER_SUBSTITUTE,2019,32013030-2d30-3033-3532-34397b0cc1c8,00-0035249,OLI524360,,Jacksonville Jaguars,eagles-at-jaguars-2019-pre-2,2019-08-15T23:00:00.000Z
Ryquell,Armstead,RB,30O,PLAYER_SUBSTITUTE,2019,32013030-2d30-3033-3532-36385a5927ff,00-0035268,ARM087415,,Jacksonville Jaguars,eagles-at-jaguars-2019-pre-2,2019-08-15T23:00:00.000Z
Gardner,Minshew,QB,15,PLAYER_SUBSTITUTE,2019,32013030-2d30-3033-3532-3839c25a936a,00-0035289,MIN604610,,Jacksonville Jaguars,eagles-at-jaguars-2019-pre-2,2019-08-15T23:00:00.000Z
Dontavius,Russell,DT,98,PLAYER_SUBSTITUTE,2019,32013030-2d30-3033-3533-31326f75bb42,00-0035312,RUS479998,,Jacksonville Jaguars,eagles-at-jaguars-2019-pre-2,2019-08-15T23:00:00.000Z
Tyre,Brady,WR,19,PLAYER_SUBSTITUTE,2019,32013030-2d30-3033-3533-363177d53a6d,00-0035361,BRA271308,,Jacksonville Jaguars,eagles-at-jaguars-2019-pre-2,2019-08-15T23:00:00.000Z
Joe,Giles-Harris,LB,57,PLAYER_SUBSTITUTE,2019,32013030-2d30-3033-3533-3633fe88809a,00-0035363,GIL269976,,Jacksonville Jaguars,eagles-at-jaguars-2019-pre-2,2019-08-15T23:00:00.000Z
Donnell,Greene,T,73,PLAYER_SUBSTITUTE,2019,32013030-2d30-3033-3533-36348ef2b69c,00-0035364,GRE015661,,Jacksonville Jaguars,eagles-at-jaguars-2019-pre-2,2019-08-15T23:00:00.000Z
Tae,Hayes,DB,30D,PLAYER_SUBSTITUTE,2019,32013030-2d30-3033-3533-3635bd6861a1,00-0035365,HAY425162,,Jacksonville Jaguars,eagles-at-jaguars-2019-pre-2,2019-08-15T23:00:00.000Z
Raphael,Leonard,WR,14,PLAYER_SUBSTITUTE,2019,32013030-2d30-3033-3533-363660121252,00-0035366,LEO695005,,Jacksonville Jaguars,eagles-at-jaguars-2019-pre-2,2019-08-15T23:00:00.000Z
Carson,Meier,TE,49O,PLAYER_SUBSTITUTE,2019,32013030-2d30-3033-3533-3637a901bcbe,00-0035367,MEI021381,,Jacksonville Jaguars,eagles-at-jaguars-2019-pre-2,2019-08-15T23:00:00.000Z
Picasso,Nelson,DB,43,PLAYER_SUBSTITUTE,2019,32013030-2d30-3033-3533-363892aa5534,00-0035368,NEL599401,,Jacksonville Jaguars,eagles-at-jaguars-2019-pre-2,2019-08-15T23:00:00.000Z
Saivion,Smith,DB,35,PLAYER_SUBSTITUTE,2019,32013030-2d30-3033-3533-37303b64dbf9,00-0035370,SMI000019,,Jacksonville Jaguars,eagles-at-jaguars-2019-pre-2,2019-08-15T23:00:00.000Z
Bunchy,Stallings,G,64,PLAYER_SUBSTITUTE,2019,32013030-2d30-3033-3533-37324551e355,00-0035372,STA233018,,Jacksonville Jaguars,eagles-at-jaguars-2019-pre-2,2019-08-15T23:00:00.000Z
Connor,Strachan,LB,49D,PLAYER_SUBSTITUTE,2019,32013030-2d30-3033-3533-3733b544e504,00-0035373,STR007038,,Jacksonville Jaguars,eagles-at-jaguars-2019-pre-2,2019-08-15T23:00:00.000Z
Michael,Walker,WR,13,PLAYER_SUBSTITUTE,2019,32013030-2d30-3033-3533-3734988a0f0f,00-0035374,WAL279010,,Jacksonville Jaguars,eagles-at-jaguars-2019-pre-2,2019-08-15T23:00:00.000Z
Brandon,Watson,DB,40,PLAYER_SUBSTITUTE,2019,32013030-2d30-3033-3533-3735995a9999,00-0035375,WAT311992,,Jacksonville Jaguars,eagles-at-jaguars-2019-pre-2,2019-08-15T23:00:00.000Z
Andrew,Williams,DT,79,PLAYER_SUBSTITUTE,2019,32013030-2d30-3033-3533-3737c0bacd56,,,,Jacksonville Jaguars,eagles-at-jaguars-2019-pre-2,2019-08-15T23:00:00.000Z
Andrew,Wingard,DB,42,PLAYER_SUBSTITUTE,2019,32013030-2d30-3033-3533-3738e67c4771,00-0035378,WIN207636,,Jacksonville Jaguars,eagles-at-jaguars-2019-pre-2,2019-08-15T23:00:00.000Z
Charles,Jones,TE,85,PLAYER_SUBSTITUTE,2019,32013030-2d30-3033-3535-35336fc0ef56,00-0035553,JON158625,,Jacksonville Jaguars,eagles-at-jaguars-2019-pre-2,2019-08-15T23:00:00.000Z
Joshua,Moon,DB,39,PLAYER_SUBSTITUTE,2019,32013030-2d30-3033-3535-35355fc9ef1b,00-0035555,MOO061134,,Jacksonville Jaguars,eagles-at-jaguars-2019-pre-2,2019-08-15T23:00:00.000Z
Josh,Allen,DE,41,PLAYER_SUBSTITUTE,2019,32013030-2d30-3033-3536-34323256afe9,00-0035642,ALL528759,,Jacksonville Jaguars,eagles-at-jaguars-2019-pre-2,2019-08-15T23:00:00.000Z
Ka'John,Armstrong,T,67,PLAYER_SUBSTITUTE,2019,32013030-2d30-3033-3536-363167a941ed,,,,Jacksonville Jaguars,eagles-at-jaguars-2019-pre-2,2019-08-15T23:00:00.000Z
Quincy,Williams,LB,56,STARTED,2019,32013030-2d30-3033-3536-3830b784d0f9,00-0035680,WIL470092,,Jacksonville Jaguars,eagles-at-jaguars-2019-pre-2,2019-08-15T23:00:00.000Z
Kalani,Vakameilalo,DT,78,PLAYER_SUBSTITUTE,2019,32013030-2d30-3033-3536-3832f1e4a746,00-0035682,VAK029663,,Jacksonville Jaguars,eagles-at-jaguars-2019-pre-2,2019-08-15T23:00:00.000Z
Jason,Peters,T,71,STARTED,2019,32013030-2d30-3032-3235-33311e2f3ae1,00-0022531,PET150539,,Philadelphia Eagles,eagles-at-jaguars-2019-pre-2,2019-08-15T23:00:00.000Z
Darren,Sproles,RB,43,PLAYER_SUBSTITUTE,2019,32013030-2d30-3032-3335-3634a4a97bd6,00-0023564,SPR711296,,Philadelphia Eagles,eagles-at-jaguars-2019-pre-2,2019-08-15T23:00:00.000Z
DeSean,Jackson,WR,10,STARTED,2019,32013030-2d30-3032-3631-383993ac1996,00-0026189,JAC127681,,Philadelphia Eagles,eagles-at-jaguars-2019-pre-2,2019-08-15T23:00:00.000Z
Orlando,Scandrick,CB,45D,PLAYER_SUBSTITUTE,2019,32013030-2d30-3032-3632-3833658fbd50,00-0026283,SCA335249,,Philadelphia Eagles,eagles-at-jaguars-2019-pre-2,2019-08-15T23:00:00.000Z
Malcolm,Jenkins,FS,27,STARTED,2019,32013030-2d30-3032-3639-39302fb5c38b,00-0026990,JEN372222,,Philadelphia Eagles,eagles-at-jaguars-2019-pre-2,2019-08-15T23:00:00.000Z
Brandon,Graham,DE,55,STARTED,2019,32013030-2d30-3032-3738-36355d1674ee,00-0027865,GRA130064,,Philadelphia Eagles,eagles-at-jaguars-2019-pre-2,2019-08-15T23:00:00.000Z
Andrew,Sendejo,S,42,PLAYER_SUBSTITUTE,2019,32013030-2d30-3032-3739-3134a2365466,00-0027914,SEN095404,,Philadelphia Eagles,eagles-at-jaguars-2019-pre-2,2019-08-15T23:00:00.000Z
Stefen,Wisniewski,G/C,61,PLAYER_SUBSTITUTE,2019,32013030-2d30-3032-3739-3836917fbb13,00-0027986,WIS575406,,Philadelphia Eagles,eagles-at-jaguars-2019-pre-2,2019-08-15T23:00:00.000Z
Jason,Kelce,C,62,STARTED,2019,32013030-2d30-3032-3831-323921ba2395,00-0028129,KEL008305,,Philadelphia Eagles,eagles-at-jaguars-2019-pre-2,2019-08-15T23:00:00.000Z
Rodney,McLeod,S,23,STARTED,2019,32013030-2d30-3032-3838-39398c545840,00-0028899,MCL709174,,Philadelphia Eagles,eagles-at-jaguars-2019-pre-2,2019-08-15T23:00:00.000Z
L.J.,Fort,LB,58,PLAYER_SUBSTITUTE,2019,32013030-2d30-3032-3839-33321717a543,00-0028932,FOR595356,,Philadelphia Eagles,eagles-at-jaguars-2019-pre-2,2019-08-15T23:00:00.000Z
Alshon,Jeffery,WR,17,STARTED,2019,32013030-2d30-3032-3931-33376f5ae4ed,00-0029137,JEF498860,,Philadelphia Eagles,eagles-at-jaguars-2019-pre-2,2019-08-15T23:00:00.000Z
Nigel,Bradham,LB,53,STARTED,2019,32013030-2d30-3032-3932-373263884bcf,00-0029272,BRA104685,,Philadelphia Eagles,eagles-at-jaguars-2019-pre-2,2019-08-15T23:00:00.000Z
Vinny,Curry,DE,75,PLAYER_SUBSTITUTE,2019,32013030-2d30-3032-3934-3132cdd2afbb,00-0029412,CUR528238,,Philadelphia Eagles,eagles-at-jaguars-2019-pre-2,2019-08-15T23:00:00.000Z
Zach,Brown,LB,51,STARTED,2019,32013030-2d30-3032-3935-36364cfd1c64,00-0029566,BRO777933,,Philadelphia Eagles,eagles-at-jaguars-2019-pre-2,2019-08-15T23:00:00.000Z
Malik,Jackson,DE,97,STARTED,2019,32013030-2d30-3032-3935-3638deee64dd,00-0029568,JAC373912,,Philadelphia Eagles,eagles-at-jaguars-2019-pre-2,2019-08-15T23:00:00.000Z
Fletcher,Cox,DT,91,STARTED,2019,32013030-2d30-3032-3936-35338d6f3da5,00-0029653,COX200177,,Philadelphia Eagles,eagles-at-jaguars-2019-pre-2,2019-08-15T23:00:00.000Z
Brandon,Brooks,G,79,STARTED,2019,32013030-2d30-3032-3936-37399e1d57a3,00-0029679,BRO118473,,Philadelphia Eagles,eagles-at-jaguars-2019-pre-2,2019-08-15T23:00:00.000Z
Paul,Worrilow,LB,52,PLAYER_SUBSTITUTE,2019,32013030-2d30-3032-3937-393280996fad,00-0029792,WOR678863,,Philadelphia Eagles,eagles-at-jaguars-2019-pre-2,2019-08-15T23:00:00.000Z
Zach,Ertz,TE,86,STARTED,2019,32013030-2d30-3033-3030-3631da16c503,00-0030061,ERT800920,,Philadelphia Eagles,eagles-at-jaguars-2019-pre-2,2019-08-15T23:00:00.000Z
Charles,Johnson,WR,84,PLAYER_SUBSTITUTE,2019,32013030-2d30-3033-3031-3133cb1a7faf,00-0030113,JOH105729,,Philadelphia Eagles,eagles-at-jaguars-2019-pre-2,2019-08-15T23:00:00.000Z
Johnathan,Cyprien,S,41,PLAYER_SUBSTITUTE,2019,32013030-2d30-3033-3035-333885612634,00-0030538,CYP563610,,Philadelphia Eagles,eagles-at-jaguars-2019-pre-2,2019-08-15T23:00:00.000Z
Lane,Johnson,T,65,STARTED,2019,32013030-2d30-3033-3035-36317904d9e8,00-0030561,JOH399478,,Philadelphia Eagles,eagles-at-jaguars-2019-pre-2,2019-08-15T23:00:00.000Z
Timmy,Jernigan,DT,93,PLAYER_SUBSTITUTE,2019,32013030-2d30-3033-3131-3730a64ca334,00-0031170,JER465471,,Philadelphia Eagles,eagles-at-jaguars-2019-pre-2,2019-08-15T23:00:00.000Z
Kasim,Edebali,DE,66,PLAYER_SUBSTITUTE,2019,32013030-2d30-3033-3132-353561e1640f,00-0031255,EDE095835,,Philadelphia Eagles,eagles-at-jaguars-2019-pre-2,2019-08-15T23:00:00.000Z
Richard,Rodgers,TE,82,PLAYER_SUBSTITUTE,2019,32013030-2d30-3033-3133-38341d4845e9,00-0031384,ROD493098,,Philadelphia Eagles,eagles-at-jaguars-2019-pre-2,2019-08-15T23:00:00.000Z
Nelson,Agholor,WR,13,STARTED,2019,32013030-2d30-3033-3135-3439d46a53e9,00-0031549,AGH474619,,Philadelphia Eagles,eagles-at-jaguars-2019-pre-2,2019-08-15T23:00:00.000Z
Alex,Singleton,LB,49D,PLAYER_SUBSTITUTE,2019,32013030-2d30-3033-3138-39381817acda,00-0031898,SIN350252,,Philadelphia Eagles,eagles-at-jaguars-2019-pre-2,2019-08-15T23:00:00.000Z
Rick,Lovato,LS,45S,PLAYER_SUBSTITUTE,2019,32013030-2d30-3033-3139-31317b793032,00-0031911,LOV004796,,Philadelphia Eagles,eagles-at-jaguars-2019-pre-2,2019-08-15T23:00:00.000Z
Will,Tye,TE,85,PLAYER_SUBSTITUTE,2019,32013030-2d30-3033-3230-3034aae7b736,00-0032004,TYE029662,,Philadelphia Eagles,eagles-at-jaguars-2019-pre-2,2019-08-15T23:00:00.000Z
Eli,Harold,LB,59,PLAYER_SUBSTITUTE,2019,32013030-2d30-3033-3230-3630cf6b8895,00-0032060,HAR236127,,Philadelphia Eagles,eagles-at-jaguars-2019-pre-2,2019-08-15T23:00:00.000Z
Ronald,Darby,CB,21,STARTED,2019,32013030-2d30-3033-3231-3935e97b369f,00-0032195,DAR187187,,Philadelphia Eagles,eagles-at-jaguars-2019-pre-2,2019-08-15T23:00:00.000Z
Hassan,Ridgeway,DT,64D,PLAYER_SUBSTITUTE,2019,32013030-2d30-3033-3234-303284cc6773,00-0032402,RID299361,,Philadelphia Eagles,eagles-at-jaguars-2019-pre-2,2019-08-15T23:00:00.000Z
Kamu,Grugier-Hill,LB,54,STARTED,2019,32013030-2d30-3033-3234-333766f3bc0f,00-0032437,GRU516162,,Philadelphia Eagles,eagles-at-jaguars-2019-pre-2,2019-08-15T23:00:00.000Z
Anthony,Fabiano,C,63,PLAYER_SUBSTITUTE,2019,32013030-2d30-3033-3235-3637d7970ee7,00-0032567,FAB283136,,Philadelphia Eagles,eagles-at-jaguars-2019-pre-2,2019-08-15T23:00:00.000Z
Cre'von,LeBlanc,CB,34,PLAYER_SUBSTITUTE,2019,32013030-2d30-3033-3235-3831835c5af9,00-0032581,LEB612957,,Philadelphia Eagles,eagles-at-jaguars-2019-pre-2,2019-08-15T23:00:00.000Z
Joshua,Perkins,TE,83,PLAYER_SUBSTITUTE,2019,32013030-2d30-3033-3235-39396ffc192b,00-0032599,PER222525,,Philadelphia Eagles,eagles-at-jaguars-2019-pre-2,2019-08-15T23:00:00.000Z
Marken,Michel,WR,80,PLAYER_SUBSTITUTE,2019,32013030-2d30-3033-3236-3039c4e78b18,00-0032609,MIC482945,,Philadelphia Eagles,eagles-at-jaguars-2019-pre-2,2019-08-15T23:00:00.000Z
Josh,Hawkins,CB,48D,PLAYER_SUBSTITUTE,2019,32013030-2d30-3033-3236-33352a3eb331,00-0032635,HAW429697,,Philadelphia Eagles,eagles-at-jaguars-2019-pre-2,2019-08-15T23:00:00.000Z
Jeremiah,McKinnon,CB,38,PLAYER_SUBSTITUTE,2019,32013030-2d30-3033-3237-3130c470178b,00-0032710,MCK654675,,Philadelphia Eagles,eagles-at-jaguars-2019-pre-2,2019-08-15T23:00:00.000Z
Deiondre',Hall,S,36,PLAYER_SUBSTITUTE,2019,32013030-2d30-3033-3237-3736ba1ed250,00-0032776,HAL270555,,Philadelphia Eagles,eagles-at-jaguars-2019-pre-2,2019-08-15T23:00:00.000Z
Jordan,Howard,RB,24,STARTED,2019,32013030-2d30-3033-3237-383013f97b82,00-0032780,HOW239418,,Philadelphia Eagles,eagles-at-jaguars-2019-pre-2,2019-08-15T23:00:00.000Z
Wendell,Smallwood,RB,28,PLAYER_SUBSTITUTE,2019,32013030-2d30-3033-3237-3832e22c4a1a,00-0032782,SMA757345,,Philadelphia Eagles,eagles-at-jaguars-2019-pre-2,2019-08-15T23:00:00.000Z
Halapoulivaati,Vaitai,T,72,PLAYER_SUBSTITUTE,2019,32013030-2d30-3033-3237-383559288023,00-0032785,VAI626496,,Philadelphia Eagles,eagles-at-jaguars-2019-pre-2,2019-08-15T23:00:00.000Z
Nate,Sudfeld,QB,07,PLAYER_SUBSTITUTE,2019,32013030-2d30-3033-3237-3932899dadbc,00-0032792,SUD197144,,Philadelphia Eagles,eagles-at-jaguars-2019-pre-2,2019-08-15T23:00:00.000Z
Alex,Ellis,TE,48O,PLAYER_SUBSTITUTE,2019,32013030-2d30-3033-3238-3634724912fc,00-0032864,ELL403440,,Philadelphia Eagles,eagles-at-jaguars-2019-pre-2,2019-08-15T23:00:00.000Z
Carson,Wentz,QB,11,STARTED,2019,32013030-2d30-3033-3239-3530c5ee180a,00-0032950,WEN615770,,Philadelphia Eagles,eagles-at-jaguars-2019-pre-2,2019-08-15T23:00:00.000Z
Isaac,Seumalo,OL,73,STARTED,2019,32013030-2d30-3033-3239-35341b0c9724,00-0032954,SEU306003,,Philadelphia Eagles,eagles-at-jaguars-2019-pre-2,2019-08-15T23:00:00.000Z
Aziz,Shittu,DT,67D,PLAYER_SUBSTITUTE,2019,32013030-2d30-3033-3239-383174cd7775,00-0032981,SHI699431,,Philadelphia Eagles,eagles-at-jaguars-2019-pre-2,2019-08-15T23:00:00.000Z
Trae,Elston,S,35D,PLAYER_SUBSTITUTE,2019,32013030-2d30-3033-3330-30319db480c2,00-0033001,ELS633060,,Philadelphia Eagles,eagles-at-jaguars-2019-pre-2,2019-08-15T23:00:00.000Z
Braxton,Miller,WR,89,PLAYER_SUBSTITUTE,2019,32013030-2d30-3033-3330-36394e729430,00-0033069,MIL146472,,Philadelphia Eagles,eagles-at-jaguars-2019-pre-2,2019-08-15T23:00:00.000Z
Cody,Kessler,QB,02,PLAYER_SUBSTITUTE,2019,32013030-2d30-3033-3331-303462696929,00-0033104,KES701662,,Philadelphia Eagles,eagles-at-jaguars-2019-pre-2,2019-08-15T23:00:00.000Z
Daeshon,Hall,DE,74,PLAYER_SUBSTITUTE,2019,32013030-2d30-3033-3332-3835affd0944,00-0033285,HAL242596,,Philadelphia Eagles,eagles-at-jaguars-2019-pre-2,2019-08-15T23:00:00.000Z
Sidney,Jones,CB,22,PLAYER_SUBSTITUTE,2019,32013030-2d30-3033-3335-3433e9d88c50,00-0033543,JON719895,,Philadelphia Eagles,eagles-at-jaguars-2019-pre-2,2019-08-15T23:00:00.000Z
Rasul,Douglas,CB,32,PLAYER_SUBSTITUTE,2019,32013030-2d30-3033-3335-3531f744d380,00-0033551,DOU604176,,Philadelphia Eagles,eagles-at-jaguars-2019-pre-2,2019-08-15T23:00:00.000Z
Mack,Hollins,WR,16,PLAYER_SUBSTITUTE,2019,32013030-2d30-3033-3335-3535b99a28a0,00-0033555,HOL280459,,Philadelphia Eagles,eagles-at-jaguars-2019-pre-2,2019-08-15T23:00:00.000Z
Donnel,Pumphrey,RB,35O,PLAYER_SUBSTITUTE,2019,32013030-2d30-3033-3335-3631c49e655d,00-0033561,PUM422791,,Philadelphia Eagles,eagles-at-jaguars-2019-pre-2,2019-08-15T23:00:00.000Z
Nathan,Gerry,DB,47,PLAYER_SUBSTITUTE,2019,32013030-2d30-3033-3335-373760a67b06,00-0033577,GER650621,,Philadelphia Eagles,eagles-at-jaguars-2019-pre-2,2019-08-15T23:00:00.000Z
Carlton,Agudosi,WR,14,PLAYER_SUBSTITUTE,2019,32013030-2d30-3033-3335-3939f2844f11,00-0033599,AGU200894,,Philadelphia Eagles,eagles-at-jaguars-2019-pre-2,2019-08-15T23:00:00.000Z
Sojourn,Shelton,CB,39,PLAYER_SUBSTITUTE,2019,32013030-2d30-3033-3336-3132cb528025,00-0033612,SHE443431,,Philadelphia Eagles,eagles-at-jaguars-2019-pre-2,2019-08-15T23:00:00.000Z
Corey,Clement,RB,30,PLAYER_SUBSTITUTE,2019,32013030-2d30-3033-3337-323549d471ee,00-0033725,CLE186218,,Philadelphia Eagles,eagles-at-jaguars-2019-pre-2,2019-08-15T23:00:00.000Z
Cameron,Johnston,P,01,PLAYER_SUBSTITUTE,2019,32013030-2d30-3033-3337-3239fb3abc06,00-0033729,JOH795940,,Philadelphia Eagles,eagles-at-jaguars-2019-pre-2,2019-08-15T23:00:00.000Z
Tre,Sullivan,S,37,PLAYER_SUBSTITUTE,2019,32013030-2d30-3033-3337-33315d073eba,00-0033731,SUL719230,,Philadelphia Eagles,eagles-at-jaguars-2019-pre-2,2019-08-15T23:00:00.000Z
Greg,Ward,WR,06,PLAYER_SUBSTITUTE,2019,32013030-2d30-3033-3337-3333ab411741,00-0033733,WAR170484,,Philadelphia Eagles,eagles-at-jaguars-2019-pre-2,2019-08-15T23:00:00.000Z
Jake,Elliott,K,04,PLAYER_SUBSTITUTE,2019,32013030-2d30-3033-3337-38377f25b5f4,00-0033787,ELL296383,,Philadelphia Eagles,eagles-at-jaguars-2019-pre-2,2019-08-15T23:00:00.000Z
Derek,Barnett,DE,96,STARTED,2019,32013030-2d30-3033-3338-3736e981f6a8,00-0033876,BAR405176,,Philadelphia Eagles,eagles-at-jaguars-2019-pre-2,2019-08-15T23:00:00.000Z
Treyvon,Hester,DT,90,PLAYER_SUBSTITUTE,2019,32013030-2d30-3033-3339-3736de44d499,00-0033976,HES698150,,Philadelphia Eagles,eagles-at-jaguars-2019-pre-2,2019-08-15T23:00:00.000Z
Dallas,Goedert,TE,88,PLAYER_SUBSTITUTE,2019,32013030-2d30-3033-3433-35319713cf6f,00-0034351,GOE595520,,Philadelphia Eagles,eagles-at-jaguars-2019-pre-2,2019-08-15T23:00:00.000Z
Avonte,Maddox,DB,29,STARTED,2019,32013030-2d30-3033-3433-3737c893c192,00-0034377,MAD347585,,Philadelphia Eagles,eagles-at-jaguars-2019-pre-2,2019-08-15T23:00:00.000Z
Josh,Sweat,DE,94,PLAYER_SUBSTITUTE,2019,32013030-2d30-3033-3433-3831afa0e62c,00-0034381,SWE031587,,Philadelphia Eagles,eagles-at-jaguars-2019-pre-2,2019-08-15T23:00:00.000Z
Boston,Scott,RB,49O,PLAYER_SUBSTITUTE,2019,32013030-2d30-3033-3434-31346ad31998,00-0034414,SCO101831,,Philadelphia Eagles,eagles-at-jaguars-2019-pre-2,2019-08-15T23:00:00.000Z
Matt,Pryor,G/T,69,PLAYER_SUBSTITUTE,2019,32013030-2d30-3033-3434-31374124eee6,00-0034417,PRY460541,,Philadelphia Eagles,eagles-at-jaguars-2019-pre-2,2019-08-15T23:00:00.000Z
Jordan,Mailata,T,68,PLAYER_SUBSTITUTE,2019,32013030-2d30-3033-3434-3239eed651f7,00-0034429,MAI305232,,Philadelphia Eagles,eagles-at-jaguars-2019-pre-2,2019-08-15T23:00:00.000Z
Josh,Adams,RB,33O,PLAYER_SUBSTITUTE,2019,32013030-2d30-3033-3434-3537579fb883,00-0034457,ADA444540,,Philadelphia Eagles,eagles-at-jaguars-2019-pre-2,2019-08-15T23:00:00.000Z
Asantay,Brown,LB,50,PLAYER_SUBSTITUTE,2019,32013030-2d30-3033-3434-3538adcba6f9,00-0034458,BRO267889,,Philadelphia Eagles,eagles-at-jaguars-2019-pre-2,2019-08-15T23:00:00.000Z
Bruce,Hector,DT,98,PLAYER_SUBSTITUTE,2019,32013030-2d30-3033-3434-3631cc842eb3,00-0034461,HEC611682,,Philadelphia Eagles,eagles-at-jaguars-2019-pre-2,2019-08-15T23:00:00.000Z
Joe,Ostman,DE,95,PLAYER_SUBSTITUTE,2019,32013030-2d30-3033-3434-36331bead046,00-0034463,OST541917,,Philadelphia Eagles,eagles-at-jaguars-2019-pre-2,2019-08-15T23:00:00.000Z
Andre,Dillard,T,77,PLAYER_SUBSTITUTE,2019,32013030-2d30-3033-3532-3333c713ba5d,00-0035233,DIL186167,,Philadelphia Eagles,eagles-at-jaguars-2019-pre-2,2019-08-15T23:00:00.000Z
Miles,Sanders,RB,26,PLAYER_SUBSTITUTE,2019,32013030-2d30-3033-3532-3433c2333695,00-0035243,SAN153567,,Philadelphia Eagles,eagles-at-jaguars-2019-pre-2,2019-08-15T23:00:00.000Z
J.J.,Arcega-Whiteside,WR,19,PLAYER_SUBSTITUTE,2019,32013030-2d30-3033-3532-3436c5285dac,00-0035246,ARC336505,,Philadelphia Eagles,eagles-at-jaguars-2019-pre-2,2019-08-15T23:00:00.000Z
Shareef,Miller,DE,76,PLAYER_SUBSTITUTE,2019,32013030-2d30-3033-3532-3637ef3490ac,00-0035267,MIL373761,,Philadelphia Eagles,eagles-at-jaguars-2019-pre-2,2019-08-15T23:00:00.000Z
Clayton,Thorson,QB,08,PLAYER_SUBSTITUTE,2019,32013030-2d30-3033-3532-3833d8865e95,00-0035283,THO828277,,Philadelphia Eagles,eagles-at-jaguars-2019-pre-2,2019-08-15T23:00:00.000Z
Nate,Herbig,G,67O,PLAYER_SUBSTITUTE,2019,32013030-2d30-3033-3533-3833f5ae43a3,00-0035383,HER040461,,Philadelphia Eagles,eagles-at-jaguars-2019-pre-2,2019-08-15T23:00:00.000Z
Iosua,Opeta,G,78O,PLAYER_SUBSTITUTE,2019,32013030-2d30-3033-3533-383483b0958e,00-0035384,OPE504350,,Philadelphia Eagles,eagles-at-jaguars-2019-pre-2,2019-08-15T23:00:00.000Z
DeAndre,Thompkins,WR,81,PLAYER_SUBSTITUTE,2019,32013030-2d30-3033-3533-38352b5d2a2f,00-0035385,THO444697,,Philadelphia Eagles,eagles-at-jaguars-2019-pre-2,2019-08-15T23:00:00.000Z
T.J.,Edwards,LB,57,PLAYER_SUBSTITUTE,2019,32013030-2d30-3033-3533-3836c6cec8bd,00-0035386,EDW688767,,Philadelphia Eagles,eagles-at-jaguars-2019-pre-2,2019-08-15T23:00:00.000Z
Jay,Liggins,DB,46,PLAYER_SUBSTITUTE,2019,32013030-2d30-3033-3533-383826bad2b3,00-0035388,LIG421973,,Philadelphia Eagles,eagles-at-jaguars-2019-pre-2,2019-08-15T23:00:00.000Z
Keegan,Render,C,64O,PLAYER_SUBSTITUTE,2019,32013030-2d30-3033-3533-3839659b3e1c,00-0035389,REN065034,,Philadelphia Eagles,eagles-at-jaguars-2019-pre-2,2019-08-15T23:00:00.000Z
Kevin,Wilkins,DE,78D,PLAYER_SUBSTITUTE,2019,32013030-2d30-3033-3533-3931a49be10f,00-0035391,WIL088557,,Philadelphia Eagles,eagles-at-jaguars-2019-pre-2,2019-08-15T23:00:00.000Z
Ajene,Harris,CB,33D,PLAYER_SUBSTITUTE,2019,32013030-2d30-3033-3537-3334abadae32,,,,Philadelphia Eagles,eagles-at-jaguars-2019-pre-2,2019-08-15T23:00:00.000Z
